<resources>
    <dimen name="app_bar_height">180dp</dimen>
    <dimen name="fab_margin">16dp</dimen>
    <dimen name="text_margin">16dp</dimen>

    <!-- Default screen margins, per the Android Design guidelines. -->
    <dimen name="activity_horizontal_margin">16dp</dimen>
    <dimen name="activity_vertical_margin">16dp</dimen>
    <dimen name="font_size_verysmall">10sp</dimen>
    <dimen name="font_size_small">12sp</dimen>
    <dimen name="font_size_medium">20sp</dimen>
</resources>