<resources>
    <string name="app_name">Impfzertifikat Demonstration</string>
    <string name="menue">Menü</string>
    <string name="importcertificate">importiere ein Impfzertifikat</string>
    <string name="showcertificate">zeige ein Impfzertifikat</string>
    <string name="verifycertificate">prüfe ein Impfzertifikat</string>
    <string name="showlicenseinformation">zeige Lizenz Informationen</string>
    <string name="aboutapp">über diese App</string>
    <string name="action_licenses">Verwendete Bibliotheken und Lizenzen</string>
    <string name="title_activity_show_certificate_overview">ScrollingActivity</string>
    <string name="action_settings">Settings</string>
    <string name="titleOverviewCertificate">Übersicht über gespeicherte Impfzertifikate</string>
    <string name="titleCertificateDetail">Zertifikatsdaten</string>
    <string name="namefirst">Vorname</string>
    <string name="namelast">Nachname</string>
    <string name="datebirth">Geburtsdatum</string>
    <string name="dateimmun">Impfdatum</string>
    <string name="mah">Hersteller</string>
    <string name="impf">Impfstoff</string>
    <string name="dose">Anzahl</string>
    <string name="fullimmun">vollständig</string>
    <string name="datevalidimmun">Gültig bis</string>
    <string name="datecert">Zertifikats-Datum</string>
    <string name="signature">Signatur</string>
    <string name="certvalid">Zertifikat gültig</string>
    <string name="nodata">keine Daten</string>
    <string name="certvalidyes">gültig</string>
    <string name="certvalidno">ungültig</string>
    <string name="signaturemethod">Sig.Algorithmus</string>
    <string name="zeigeqrcode">zeige QR-Code</string>
    <string name="deletecertificate">Lösche ein Impfzertifikat</string>
    <string name="credits"><a href="https://creativecommons.org/licenses/by/4.0/deed.de">https://creativecommons.org/licenses/by/4.0/deed.de</a></string>
</resources>